
 <!-- ---------- RECORTAR HASTA AQUI ------ --> 
<listitem>
 <label>diametroEsfera</label>
 <value>60.000000</value>
 </listitem>
<listitem>
 <label>areaCalibracion</label>
 <value>2827.433388</value>
 </listitem>
<listitem>
 <label>areaPixelesR1</label>
 <value>22231.000000</value>
 </listitem>
<listitem>
 <label>areaPixelesR2</label>
 <value>12310.000000</value>
 </listitem>
<listitem>
 <label>areaPixelesR3</label>
 <value>11793.000000</value>
 </listitem>
<listitem>
 <label>areaPixelesR4</label>
 <value>11602.000000</value>
 </listitem>
<listitem>
 <label>pixelCuadradoR1</label>
 <value>0.127184</value>
 </listitem>
<listitem>
 <label>pixelCuadradoR2</label>
 <value>0.229686</value>
 </listitem>
<listitem>
 <label>pixelCuadradoR3</label>
 <value>0.239755</value>
 </listitem>
<listitem>
 <label>pixelCuadradoR4</label>
 <value>0.243702</value>
 </listitem>
<listitem>
 <label>pixelLinealR1</label>
 <value>0.356629</value>
 </listitem> 
<listitem>
 <label>pixelLinealR2</label>
 <value>0.479256</value>
 </listitem> 
<listitem>
 <label>pixelLinealR3</label>
 <value>0.489648</value>
 </listitem> 
<listitem>
 <label>pixelLinealR4</label>
 <value>0.493662</value>
 </listitem> 

 <!-- ---------- RECORTAR HASTA AQUI ------ --> 
